Symbol,marketCap,trailingPE,forwardPE,pegRatio,priceToBook,trailingEps,forwardEps,bookValue,payoutRatio,beta,fiveYearAvgDividendYield,52WeekChange,averageVolume,enterpriseToRevenue,profitMargins
AAA,-0.5179027617545352,-0.30230350523998545,-0.10261975939955824,,-1.1483375427924531,-0.8310989517386146,-0.7689215833293078,-0.5888980841127759,0.030185194314597704,0.5123748452575273,-0.5981020022680364,-0.6709354135755263,-0.47290274911540625,-0.7925776556871573,-0.9029972549100744
ACB,0.5695427088594669,-0.34582242767282845,-0.10028969400750314,,-0.5185449500217933,0.4027248969422867,0.9808621602137985,-0.21852652988779925,-0.09658556106598817,-0.6283665233560005,-0.5981020022680364,-0.196025046869157,0.5444097549731743,0.1988532630811019,1.4650480652841475
AGG,-0.5207471487471856,-0.23218416000837075,-0.10261975939955824,,-0.9647203368941102,-0.7135070158765981,-0.7689215833293078,-0.030752740586672517,-0.3728045383321915,-0.8142506228727847,-0.5981020022680364,-0.38991679055836365,-0.5696415398391143,0.022982039230036756,-0.07921673738400228
ANV,-0.4760718501885511,-0.311298344068013,-0.09781722596042425,,0.06242772688746153,0.15501876352755026,-0.7689215833293078,-0.6291457703653548,-0.2906451924697004,0.4478045791095919,0.7439575014063756,0.8553164556030125,-0.39809801114626153,-0.586628237778775,-0.43691577665104836
ASM,-0.5193579230733554,0.3238774800097432,-0.10261975939955824,,-1.1869638063835124,-1.1011566986986527,-0.7689215833293078,-0.6187390986873981,-0.3728045383321915,0.8958830926816297,-0.5981020022680364,-0.6819737873525472,-0.5388382203349743,-0.6197717254979844,-0.974435338631324
BCG,-0.5239133226763065,-0.38187332070087215,-0.10261975939955824,,-1.3948484273334583,-0.8879595350704325,-0.7689215833293078,-0.8111994069368345,-0.3728045383321915,0.9624100335613205,-0.5981020022680364,-1.4010481780469575,-0.18217278471024909,0.20517543125875445,-0.5719776812140063
BCM,0.04691542067585539,-0.19696241409248655,-0.09253317681226488,,0.8300819365723459,0.3868353431923716,-0.7689215833293078,0.02108423103836418,-0.0935185266616192,-0.5970597276479106,-0.5981020022680364,-0.4222943178148062,-0.6388122931462951,1.2425857549553967,1.0938936976268856
BID,1.7018392602310064,-0.27460976719554286,-0.09957685327989353,,-0.3392098921837414,0.1275399974641072,1.2087323142690825,0.20303300621173684,-0.3728045383321915,0.19735021344487222,-0.5981020022680364,-0.5315066156689556,-0.19947892356978722,-1.0333947889995636,0.9186969991027338
BMP,-0.4197848386462207,-0.29204378738096665,-0.09683621306493916,,1.796195737957286,5.609436041184789,4.137529770152862,1.6687358471856442,0.3883776365703001,-0.4405257491074607,2.5622316676749333,0.0336692200965055,-0.6566042216251586,-0.4379614951770032,0.05089767529664247
BVH,-0.22963214457356798,-0.25855697893154383,-0.09534618585059854,,-0.432231827302235,0.38487686331156806,0.3241264574422079,1.0833668222742467,-0.09212440152609144,-0.8005538997504953,0.4842040490822958,-0.22024785590248003,-0.6261572176392164,-1.118456688117072,-0.7904996262612881
BWE,-0.4517353800149443,-0.23553543706770433,-0.10261975939955824,,-0.10709234367904681,0.18720896704009615,-0.7689215833293078,0.3936564131406808,0.04459096197148248,-1.4384298623028282,0.6613086756668957,-0.30451548753015745,-0.6461513691265691,-0.12625944593333982,-0.18995728047416974
CII,-0.39862326506948415,6.888635015374197,-0.10261975939955824,,-0.06013488620517572,-1.1304599920095424,-0.7689215833293078,-0.6383074412974978,9.110930542159279,0.9037097916086522,1.904976720127641,1.1695265940065893,1.4342237140188774,1.699122929723467,-0.9289831468526908
CMG,-0.4722603487668272,-0.10991327672013154,-0.09901484975262653,,0.44943969418945984,-0.4873395420943775,-0.7689215833293078,-0.5377077273285034,-0.3728045383321915,-1.00404807185308,-0.5981020022680364,-0.6991607902509408,-0.5991023071409949,-0.657321572856164,-0.8063593293583518
CRE,-0.5048395355260831,0.3433932634195749,-0.10261975939955824,,-0.9805572803718716,-1.0824310443666307,-0.7689215833293078,-0.7287438204914592,-0.3728045383321915,0.33823079413127694,-0.5981020022680364,0.17560590060615483,-0.5923262631907819,-0.026254240214106682,-0.7393601353539137
CTD,-0.46419606525332663,-0.19768135184338592,-0.09564417284213336,,-0.8061252642551957,0.9563557496624361,1.3328787611513007,6.228940198550404,-0.16898616109639614,0.3421441435947882,0.7557644765120155,0.09621581053296398,-0.6010846103038577,-0.7979419195954687,-0.9145105771408777
CTG,1.7740838835985622,-0.3283233790156424,-0.0986614042580992,,-0.3414507632949289,1.438733039549391,1.282840651828701,0.9237829372409686,-0.3728045383321915,0.21691696076242845,-0.5981020022680364,0.2861829724878691,0.06356469689517069,-0.5693859609306313,1.2903137491789036
CTR,-0.4531122622052979,-0.21639634010574996,-0.09513100574864189,,2.3112951441172616,1.1617467081053783,-0.7689215833293078,-0.25308384112482774,0.1320479127142474,0.16800009246853784,-0.5981020022680364,-0.9082577251377794,-0.6336196022872312,-0.7132631821856966,-0.7980364273227153
DBC,-0.45800169000943336,-0.3610103011736815,-0.10261975939955824,,-0.5978392587033136,0.760443094793571,-0.7689215833293078,-0.045967508321719676,-0.3728045383321915,1.2383011707388634,-0.5981020022680364,-0.3570276478728882,-0.18127879686912932,-0.6900818988676368,-0.5020654363560314
DCM,-0.38724013822596776,-0.2951987249725947,-0.09888398897807626,,-0.25608968246893865,0.19987441947680168,-0.7689215833293078,-0.0780198378673911,0.26272216642766655,-0.6283665233560005,1.5940597090124549,-0.5825119803442677,-0.3822926900007386,-0.7542614849135048,-0.5152895966559145
DGC,-0.23913532753650915,-0.2910181559634787,-0.09898622650953953,,0.19403292010394957,2.4136495432331304,-0.7689215833293078,1.7244297635276273,-0.01126621248050104,-1.2799392090306227,-0.5981020022680364,-0.702878211545452,-0.5270674773676736,-0.41152333734318297,0.3497816708786212
DGW,-0.4680042229857465,-0.2159079959203829,-0.09655770080254594,,0.5256895612113285,-0.1455848028941705,0.2964167307945791,-0.5578392889113608,0.054070886494077604,-0.5442295098905088,-0.5981020022680364,-0.5558555129560555,-0.5141154722620969,-0.7720785043232533,-0.9034133990870914
DHC,-0.5137902283482227,-0.28885513883259784,-0.09864503114909756,,-0.34587485322587685,0.18517196320180768,-0.7689215833293078,0.11664301645569189,-0.10513608122362304,-0.7672904293106497,1.4563116661133213,-0.06187024599050055,-0.6383652992257351,-0.680694437028092,-0.6205741196794541
DIG,-0.40902103029902326,1.1355066023719094,-0.10261975939955824,,-0.21233381923289518,-1.0730682172006198,-0.7689215833293078,-0.7434566601928858,-0.3728045383321915,1.4946255605988499,-0.5981020022680364,-0.2451675132024169,0.9728757339025135,2.6325048497696417,-0.394607785320988
DPM,-0.4076997005988986,0.012369169438339602,-0.09898953713593268,,-0.5544488234406019,-0.8645039670640172,0.26433241494868714,-0.29522012865550223,1.3515193799786667,-0.3857388566183034,3.3100067576987993,-0.15418630996764665,-0.34096148583697833,-0.7672889829765467,-0.8071453655990224
DXG,-0.358687648370703,0.2557501469555174,-0.08832281727961684,,-0.2871548443293924,-0.9822298555593906,-0.5305164596705352,-0.7320111482007589,-0.3728045383321915,1.0132835765869668,-0.5981020022680364,0.3126996673057512,1.0398634003104914,0.41629753222157995,-0.6712512096726241
DXS,-0.48801168767200404,-0.20076924168539179,-0.0973923219627219,,-0.8067280534644035,-0.8895669666707146,-0.7689215833293078,-0.8555290149303466,-0.3728045383321915,0.3499708425218107,-0.5981020022680364,1.0426908631293432,-0.39945679123451133,-0.16131874219123193,-0.4819055860107738
EIB,-0.17842732270652234,-0.2825799401902354,-0.09720563569959004,,-0.36256715785624166,-0.3270582876984324,-0.08816359302424104,-0.5658701374492872,-0.21647872414586783,-2.2015330076875212,-0.5981020022680364,-0.20362444142445443,0.4457066920710371,-0.35558172801365023,1.1458654815121183
FPT,0.898979770218384,-0.1862866622313566,-0.0965168396718337,,3.199385509983571,1.0344917064163786,1.841853225487309,-0.45309864582932763,-0.030876672463294466,-1.5362635988906095,0.200836646546936,-0.7083653136903124,0.0454265735151786,-0.23507737093051304,-0.3853601369428327
FRT,-0.32554318276766925,0.13233698968411087,-0.09232943653694717,,4.941366041738126,0.2972903173214842,-0.7689215833293078,-0.30667879399373305,-0.3728045383321915,-1.4501699106933619,-0.5981020022680364,-0.2821647233852106,-0.6169411743438522,-0.7337623335496007,-0.9437793842577392
FTS,-0.44472905160915405,-0.12161899305763593,-0.10261975939955824,,0.42792299832538044,-0.5682700279235232,-0.7689215833293078,-0.7263419646872649,-0.004760409807909817,0.24626708173876283,0.0001180697510562995,-0.654943109142565,-0.43441136683549975,1.5546709659067968,0.7160810231373516
GAS,0.7029484251299171,-0.28794003059121975,-0.09804846157984938,,0.021797849543088145,1.10040564014059,1.3573524903098033,0.7081678073437488,0.738484260850848,-0.8318606954585853,1.1335876798924953,-0.6498889776505627,-0.6083825640067297,-0.6640269027415532,-0.47251922290694626
GEG,-0.4964827200859934,-0.298176188196906,-0.09823874626118788,,-0.62934530848611,-0.539959831722003,-0.7689215833293078,-0.749111411562738,-0.3728045383321915,-0.31725524100685654,-0.5981020022680364,0.08679181291559317,-0.5824178882576265,0.18007833940201218,-0.1060348714424106
GEX,-0.13972495493582146,-0.0795418169120648,-0.09108421116236756,,0.7977380365002366,-0.34270303146324693,-0.7689215833293078,-0.3613797240475475,-0.11944890844401174,1.0661137943443688,-0.5981020022680364,2.259384303778834,0.23383925143514703,-0.5121032856240209,-0.802197887588182
GMD,-0.2999881831678093,-0.19497560399972172,-0.09408402035591246,,0.14773501374783413,0.3973113629321411,0.5073638164993217,0.805646707264213,0.14654662080762815,-0.013970657584734997,-0.5981020022680364,-0.31878457867253845,-0.45679910242420324,0.08467107417561734,0.1812432791867411
GVR,0.3770332862526124,-0.16209052345482902,-0.09237579183789685,,-0.16181572062516508,-0.6094812484342038,-0.7689215833293078,-0.5579362948388776,-0.13469112144127351,1.7881267703621935,0.12212347917600286,-0.7347086881431145,-0.435181987844413,-0.208064470535088,-0.14838914725260377
HAG,-0.37463246694989594,-0.30429398455253165,-0.10261975939955824,,-0.42079196547475284,-0.49874399215499954,-0.7689215833293078,-0.9315894262314333,-0.3728045383321915,-0.5305327867682194,-0.5981020022680364,0.4135919353728696,0.3896353907905286,-0.0785558133201425,-0.06455921470462614
HCM,-0.3897384011305157,-0.24746110140545452,-0.10261975939955824,,-0.3239403451957402,-0.4215826562851361,-0.7689215833293078,-0.49620079087183144,0.04998153517038322,0.7334790899459126,0.6062094585072424,-0.6682937806903364,0.1895400890691213,0.4875656098605736,0.42219085015606084
HDB,0.4471215207747229,-0.33955268095998975,-0.1000870507292639,,-0.19697812770133283,0.7484797389179084,1.3366740668484238,-0.21916519791529207,-0.18450721399123327,-0.3211685904703678,-0.5981020022680364,0.3477132212865658,0.7597668309061251,-0.267837696941986,1.1713427527939362
HDC,-0.48896377594296225,-0.3140435239545243,-0.09399860537853824,,0.06348720831511775,0.459844147428173,-0.7689215833293078,-0.379590714413862,-0.3728045383321915,2.024884412904624,-0.5981020022680364,0.04330149608323177,-0.2867296357910446,2.41659322746011,5.33144315156656
HDG,-0.44142594996859225,0.24195088726693872,-0.09932999811698116,,-0.16161293592443088,-0.8895115379948428,0.8050316398540179,-0.3062504881612222,-0.3728045383321915,0.3186640468137207,0.4645257572395626,0.07629280299952976,-0.2759240158066782,0.45921164348807086,-0.6421673324042049
HHV,-0.48092424299920056,-0.24227704906535938,-0.09824571490522704,,-1.0682251948406822,-0.7339417210480004,-0.7689215833293078,0.1438825914675281,-0.3728045383321915,0.8606629475100285,-0.5981020022680364,0.06689378953920606,0.26661137994605755,0.596575115711615,-0.3390756568101656
HPG,1.2126454487085252,-0.24160083841322916,-0.09814841249309547,,-0.3237457965366385,-0.3918728860178532,0.19397144238264938,-0.39779960389850744,-0.3728045383321915,1.1443807836145938,-0.5981020022680364,-0.1280609400365469,3.7377550300029396,-0.49888420670711076,-0.5618052402550904
HSG,-0.4555009465962441,-0.1601709059493093,-0.09952059304197672,,-0.884208429625305,-0.8207753608574924,0.08881750422056214,-0.21146318302996506,0.27824321932250373,1.478972162744805,1.3579202068996548,-0.7865279270087527,-0.04668052262321973,-0.771886923469385,-0.9765160595164089
HT1,-0.4856761570376556,-0.0455847569103413,-0.08986761025552098,,-0.5743499195704009,-0.9020199425165782,-0.5463968177190249,-0.6487058007914582,-0.2000282668860704,0.2951839500326534,1.6688372180148412,0.4147944114575809,-0.597260180340988,-0.673414364581098,-0.8679486768045143
IMP,-0.47781878247206033,-0.16213347987983448,9.898656027584211,,1.4024932111053752,-0.15161267139522824,-0.7689215833293078,-0.723440829787207,-0.1579262398593248,-1.5362635988906095,0.5393032662419491,-0.2735440663205056,-0.6583131517982191,-0.1731967551310642,-0.31623391907788007
KBC,-0.2682017642444578,-0.21259895109794008,-0.09632083221966836,,-0.575615376237442,-0.30804625187440615,0.10359922114620033,0.47411396977578957,-0.3728045383321915,1.7157298052872352,-0.5981020022680364,0.04844420326485765,-0.10259693193099545,0.517069061356286,0.1827691411691367
KDC,-0.41262630877431583,1.881120063873396,-0.10261975939955824,,0.14410989405380775,-1.025644365935975,-0.7689215833293078,0.22295731125077542,1.6986519102913415,-1.5440902978176319,1.3972767905851216,-0.4000154016984858,-0.6200856617001709,-0.45539535287901506,-1.0043514811346563
KDH,-0.2174484676390145,0.17858787919131194,-0.09502914949030453,,0.018794736488745287,-0.8439445473719034,-0.04272779124173207,-0.39393169805980743,-0.3728045383321915,0.7217390415553788,-0.5981020022680364,-0.2509974349710656,-0.22211449794775626,1.3127043474711808,-0.099746470545265
KOS,-0.4708022276469452,6.269904863682482,-0.10261975939955824,,1.1141896833783556,-1.1186906364994311,-0.7689215833293078,-0.8661535389031504,-0.3728045383321915,-2.1623995130524087,-0.5981020022680364,-0.42810474566602114,-0.6358295030052211,0.5571094598147531,-0.9500677851548848
LPB,0.8080064161705193,-0.25386067935652196,-0.10261975939955824,,1.1013040623507975,0.4510494641898479,-0.7689215833293078,-0.5151819827266788,0.29701718749470196,0.24822375647051845,-0.5981020022680364,1.0429856200383256,-0.4324887985791319,0.011295607144072748,1.5522996277320429
MBB,1.159864004645777,-0.32497626603796853,-0.1003890046349912,,-0.37178484661299893,0.07956647849706722,1.0148960646704235,-0.45336399631843893,-0.3728045383321915,0.13473662202869224,-0.5981020022680364,0.38254883126451233,1.8053998461067804,0.3691686421699873,1.3421930565803548
MSB,-0.2106747346204291,-0.3447023259157738,-0.10261975939955824,,-0.8365362172951686,-0.3958822269059132,-0.7689215833293078,-0.6932029312624336,-0.3728045383321915,-0.058974176415114356,-0.5981020022680364,-0.11015662927432773,0.9974556300471028,-0.0846864006439269,0.968680538586663
MSN,0.44515281466368534,0.07657592908643968,-0.09062521506069177,,1.0452984598600803,-0.2874914512386149,0.3092848146371414,0.21813277351105534,-0.3728045383321915,0.41062775920623507,-0.5981020022680364,-0.402717171598305,0.10558404485517615,-0.46554913813403304,-0.8391884811008031
MWG,0.5547021073284489,-0.17372261400066907,-0.09374389207036467,,1.4320894638108947,0.6740990749542799,0.8057227849967572,0.09654579972099481,-0.13775817443372979,-0.6224964991607336,-0.23995709073029012,0.07686170860335394,-0.028772963186116312,-0.7063662714464392,-0.8179188990786942
NKG,-0.4830966688327476,-0.13071769253111784,-0.09876005765889267,,-0.8818306176272991,-0.8672938770828976,-0.7689215833293078,-0.2970303579130616,-0.3728045383321915,1.281348014837487,-0.5981020022680364,-0.5999169811591667,0.4203991002933802,-0.7247580334177923,-0.9359651236901101
NLG,-0.40720263574275467,-0.13303916202150182,-0.09397952947578209,,-0.44690785990268644,-0.45597153060726325,-0.057333725587714005,0.44962901600324184,-0.0877562195988653,1.0465470470268126,0.1772226963356561,-0.4915197447794755,-0.41849611484939675,-0.3829777901168118,-0.6537731311187897
NT2,-0.48306827473200087,-0.31275968326472897,-0.09287245723455514,,-0.4687068071394672,-0.10415186768000242,-0.3832665887394075,-0.4137182583354794,-0.044538916628210974,-0.9649145772179677,2.5858456178862137,-0.09089483497055588,-0.5576170253070246,-0.7404676634349899,-0.5817339779959052
OCB,-0.24553155076379068,-0.29807118092027,-0.0995111537562459,,-0.7738476977075855,-0.6276202826132493,-0.7689215833293078,-0.7332084680669456,-0.3728045383321915,-0.18615803397922995,-0.5981020022680364,-0.08318008065244886,-0.13574881623986768,0.5486799022445494,0.7798898894231069
PAN,-0.48754914549931194,-0.32371230431192255,-0.10261975939955824,,-0.653947255225137,0.3822347630950125,-0.7689215833293078,0.453886589720272,-0.3728045383321915,0.4262811570602798,-0.5981020022680364,0.04981329543985648,-0.5544947567766856,-0.6873997669134811,-0.8199071342323493
PC1,-0.4744114903824545,-0.18237568431775117,-0.09769573005394863,,-0.5214719353399657,-0.6619029186399554,-0.033655013096293054,-0.396528387803167,-0.3728045383321915,0.099516476857091,-0.5981020022680364,-0.5106458088933834,-0.30974915380852125,-0.5021410812228712,-0.7957245337234732
PDR,-0.3424151118952756,1.1559559849596486,-0.0921316631452286,,-0.10345119709319514,-1.067936445626156,-0.40117643657120106,-0.7443056904153611,-0.3728045383321915,-0.9277377573146108,-0.5981020022680364,-0.1310318089582237,0.9776777340440236,4.114574335294522,-0.2976461920760299
PHR,-0.4821555429562056,-0.2548287860980965,-0.0964093447350292,,-0.18965658348437212,0.453460611590271,0.5965894559093766,0.7261108896258764,0.430479654303002,0.42432448232852443,2.420547966407254,-0.5224647930894446,-0.6376045661760276,-0.2557681031482854,0.36910925598896555
PLX,-0.16556967431053257,-0.04812308453168156,-0.09787660700460195,,-0.26829698013970454,-0.6571914811908528,0.4104197238189065,-0.04560981038183651,0.6724035175617336,-0.039407429097558115,1.3657915236367484,-0.735132114286539,-0.5306237691426734,-0.8330012158533607,-0.965788788784896
PNJ,-0.26504884695309355,-0.22814690782716,-0.09748882713029788,,0.4283259707767849,1.402986162668405,2.250611644126119,1.3926989951061937,-0.03663900740817934,-0.45617914696150563,0.1654157212300161,-0.4306539558298179,-0.6100377502132844,-0.6626858367644753,-0.7092127831458306
POW,-0.2712870445163153,-0.18157901704253737,-0.09489801235397026,,-0.8511093067950715,-0.8566192379212543,-0.4859116300827649,-0.5645297749442196,-0.3728045383321915,0.34801416779005506,-0.5981020022680364,-0.2320269859921083,0.167066270070863,-0.5960156996183198,-0.7896210950415391
PPC,-0.5148727523034272,-0.26036192124909585,-0.10048994016363313,,-1.0223104128176228,-0.8261657995860247,0.012112378552385597,-0.5604669438236735,0.7185019740637649,-0.6224964991607336,3.7822857619243995,-0.7030986765029771,-0.6262177086837685,-0.7667142404149418,-0.8443209259506793
PTB,-0.5135123773074838,-0.334730367825084,-0.09897218063618123,,-0.7016823137468292,1.6807346384056547,-0.7689215833293078,2.1947433644163996,0.1578853540601439,-0.5344461362317307,0.8305419855144021,-0.6627432026038441,-0.650565703102753,-0.7402760825811217,-0.7261359704302063
PVD,-0.446151464307937,-0.2232627900645827,-0.09969772073885592,,-1.0579635692573677,-0.6215785569432234,0.3556874206077597,0.8715113571384129,-0.3728045383321915,0.40084438554745694,-0.5981020022680364,-0.7940156111724948,-0.1872647347143474,-0.6101926828045713,-0.6003217234930522
PVT,-0.4731709634784708,-0.31279283901058175,-0.10040902147410201,,-0.8185892889894597,-0.36957208209210035,0.4999090370984458,-0.27361922870161337,-0.2478925916815262,0.4262811570602798,-0.5981020022680364,-0.7103928614252929,-0.42332760437512584,-0.6768628199507267,-0.6242268945505836
REE,-0.2517354028227492,-0.26602076338701064,-0.09788494970146965,,-0.2908606178725584,0.8915411513430155,1.3700328063968237,1.469930328238578,-0.1900836401809951,-0.4620491711567725,1.2123008472634282,-0.22069884222971914,-0.6143149323788397,0.014935643367569761,0.23774641077726988
SAB,-0.04142884862344504,-0.2594735958981609,-0.09755074870263314,,0.4493226088408473,0.2788787588194024,0.6836817340117854,-0.32184971724176664,1.1281835110787048,-0.9727412761449902,0.9407404198337087,-0.7403388918775123,-0.6014053873333812,-0.6111505870739127,-0.3527621301715935
SAM,-0.5195045956401726,0.16449109888559788,-0.10261975939955824,,-1.0597618087797407,-1.0838860471082654,-0.7689215833293078,-0.870290814308938,-0.3728045383321915,-0.23311822754136471,-0.5981020022680364,-0.2517433004034286,-0.528478081995054,-0.658087896271637,-0.9400803249064771
SBT,-0.36287340221249303,-0.06530112835815176,-0.09046369649780867,,-0.08623178579835317,-0.7660487815467386,-0.42614555299964396,-0.6698226758772572,-0.3728045383321915,-0.15485123827113995,-0.5981020022680364,1.5996214102126154,-0.5621055771417165,-0.6442940747931221,-0.8673475704122858
SCS,-0.4976594715681719,-0.33967421903732475,-0.09931671315701335,,0.9429921314674635,2.0710079452189745,1.9663951831737534,-0.34453768644554,0.4269479548923275,-0.9707846014132345,1.7672286772285077,-0.8540966632715161,-0.6436187719516805,-0.20078439808809403,1.9139751558016957
SHB,0.10562086454060234,-0.35240209431030695,-0.10052865008115588,,-0.6988739719473082,-0.05773497069369555,0.5023060722755763,-0.5625019674198569,-0.013218008117135952,-0.008100633389468124,-0.5981020022680364,1.147020937995746,6.0461242917684475,-0.343703715073818,1.5615471373954724
SJS,-0.3789230381824745,0.23181630911414544,-0.10261975939955824,,2.671008788527769,-0.6144559720936976,-0.7689215833293078,-0.8159354336183966,-0.3728045383321915,-1.5362635988906095,-0.5981020022680364,2.1732796182930403,-0.6280060333528036,4.8067559603205545,1.1217754962017494
SSB,-0.09946566366075221,-0.3438161200220547,-0.10261975939955824,,-0.5986087721066488,-0.056723397359035234,-0.7689215833293078,-0.5763079569815595,-0.3728045383321915,-1.3914696687406933,-0.5981020022680364,-0.2985048739967553,-0.24181299945486096,-0.729547554764499,1.4536734577790167
SSI,0.07190942553385819,-0.15293044903862363,-0.09479417012801235,,0.28905280020476,-0.44060393022180766,-0.01868552841511296,-0.5251930492520223,0.23112247378327805,1.8996572300722638,0.9446760782022553,0.134469907109438,2.325871715003825,2.331339747488733,0.916570039975758
STB,0.3470885859356469,-0.34930860045927326,-0.09927310310421338,,-0.28647637257545394,2.3727801328903255,1.8868935164655913,1.0543396709898079,-0.3728045383321915,0.602381882918286,-0.5981020022680364,0.5828492126947983,0.09939307726760624,-0.8019651175267022,0.8959940223343625
SZC,-0.49704560928225244,-0.19907502773058214,-0.0964820140048974,,-0.302709981625892,-0.45290909626534653,-0.7689215833293078,-0.24960085334503157,0.24274001905123826,1.5905026224548757,-0.5981020022680364,-0.8206838952578535,-0.5599458723578116,0.586996073018202,0.5481898743554587
TCB,1.6667705014335592,-0.2952865267466049,-0.09896734655014573,,-0.4072025709797728,0.2841952926467723,0.8429846968252511,0.2766875426306528,-0.07372221368796465,0.6767355227249997,-0.5981020022680364,0.4368946239733967,0.9891386349013929,0.9557892167146076,1.2887880259112336
TCH,-0.37760987689725267,-0.16553075495425543,-0.10261975939955824,,-0.3805318938195342,-0.6965319838908605,-0.7689215833293078,-0.5808673269175308,-0.3728045383321915,0.5104181705257719,-0.5981020022680364,0.23022927671223775,-0.013459073613112684,-0.1379458780193039,-0.17719561818879928
TMS,-0.48275605320019,-0.16552251127954937,-0.10261975939955824,,-0.3286558129239013,-0.3001199512247392,-0.7689215833293078,0.4220128351164981,-0.1369217105052655,-1.4325598381075613,0.32677771434042935,-0.5633908371020055,-0.664924241323096,-0.32780250420275214,-0.5728100158062821
TPB,-0.13342442664264054,-0.34635889777935996,-0.09986070401919418,,-0.6430026688742011,-0.031780493216726775,0.28912574879747377,-0.5223712911419947,0.010760643086927308,0.3519275172535663,-0.5981020022680364,-0.3651898448301297,1.3685625464205664,0.05267707157961751,0.9913833766403085
VCB,3.764799756790347,-0.15819055320056746,-0.09912043954844747,,0.16580852481953395,0.04524689001977996,2.004052605806474,0.491370977178841,-0.3728045383321915,-0.4913992921331069,-0.5981020022680364,-0.48709317303923605,-0.1740077151495103,-0.680694437028092,1.3612894504812454
VCG,-0.40008204947555964,-0.18401855333522638,-0.09786285790379455,,-0.049581326335348425,-0.5844552012780877,-0.7689215833293078,-0.6983011316752615,0.18855572598596504,0.586728485064241,-0.5981020022680364,0.47619163159192124,0.21680631107201356,-0.5237897177099848,-0.7418569819207187
VCI,-0.3104897663157906,-0.1509327278449302,-0.10261975939955824,,0.021814247427779647,-0.41816455460637536,-0.7689215833293078,-0.24253485754944046,-0.22642335085094312,1.036763673368034,-0.5981020022680364,-0.30133833170597235,0.06387820336645472,1.1952652840499358,0.3967134863977592
VGC,-0.3625558062452928,-0.2540508149460447,-0.09539126996898491,,0.13593662441433388,0.27763161361228705,0.2801808125281484,0.013227572993633925,0.0031395272942528014,-0.2546416495906766,0.6180164336128823,-0.1854134348599647,-0.5572710048992938,-0.5017579195151346,-0.5086775743037752
VHC,-0.43760044230485207,-0.3331341244523956,-0.09955912938633765,,-0.5950367785910804,1.8053660161033893,2.1244317124019685,1.9663099333701322,-0.08227271525751219,-0.7320702841390486,-0.5981020022680364,-0.8136428545044284,-0.5648202872593863,-0.6831849881283794,-0.4617457125463953
VHM,3.5320182133179414,-0.24202475399598897,-0.09702940750520865,,0.08002777686315453,2.1479152329910924,2.5713269607089253,2.8851845150001867,-0.3728045383321915,1.2637379422516866,-0.5981020022680364,2.3442637252508183,-0.2849513735746129,0.14578536655959312,0.3938929536424219
VIB,0.001222198148507211,-0.3355420861432823,-0.10017048859729041,,-0.49229431098480986,-0.11937165826313335,0.4628988139635507,-0.6707339104656825,-0.11731127840460306,0.3167073720819651,-0.5981020022680364,-0.17542467639978684,0.4187353639103359,0.1927226757573175,1.0998121925889048
VIC,6.516179214757075,0.31871450154378667,-0.25904873426695957,,2.6426196724107047,0.46796444844339113,-0.9972391839509895,1.6869363331436116,-0.3728045383321915,0.7295657404824014,-0.5981020022680364,6.640903317412388,-0.28047201172553565,-0.0866022091826095,-0.7542950689893376
VIX,-0.1324994967611645,-0.2975720946112011,-0.10261975939955824,,0.18291715764449062,0.09986261197879008,-0.7689215833293078,-0.6411935046551449,-0.3728045383321915,2.5160097705752853,-0.5981020022680364,2.8170462112822086,1.9618079338080578,0.4546137029952325,2.024438130725793
VJC,0.3015597493509258,0.23533539262946418,-0.09008179104632962,,1.7515801358528165,0.3450513596976823,1.5723825259329247,1.8388154630111242,-0.3728045383321915,-0.6087997760384444,-0.5981020022680364,0.7853596599617445,-0.4880781490950653,-0.4737871148503683,-0.8824674755105697
VND,-0.2767515051057171,-0.21114101558536336,-0.10261975939955824,,-0.39864064921353487,-0.6489233703733098,-0.7689215833293078,-0.6661519788874357,0.05509324988362127,1.7861700956304376,-0.5981020022680364,0.20098105228017413,1.5657013483394937,0.93126686741947,0.6116750729479785
VNM,0.5089730128299814,-0.24404627683905325,-0.09751779225373068,,1.2746617573251642,0.5407238236377695,1.088245341090617,-0.4554081541827504,0.8842148652766242,-0.884690913215987,1.613738000855188,-0.6560073879963927,-0.34133036487981383,-0.5092295728159969,-0.34615010781945443
VPB,1.4642598133630487,-0.3001955264058242,-0.09766638957651233,,-0.44478407414011156,0.052018426588784375,0.19245731516242862,-0.0709108196689181,-0.19426596911736013,-1.5362635988906095,-0.5981020022680364,0.315209311845087,2.3868931031560643,0.5820149708176272,1.227614693175011
VPI,-0.38790584132526656,0.1824729191006081,-0.10261975939955824,,1.1012073816098327,-0.6456068879336473,-0.7689215833293078,-0.41838742217434643,-0.3728045383321915,-1.5851804671845,-0.5981020022680364,-0.46703659851790297,-0.5138123772302117,1.4152001042907014,-0.18154201292653224
VRE,0.2207648036109274,-0.19395513845745216,-0.09434225533780907,,-0.08524895149688001,-0.2553890097961994,-0.00447909993198612,-0.06202829197075951,-0.3728045383321915,0.4301945065237911,-0.5981020022680364,1.4561086471719957,-0.11568539087360971,1.1232308829954691,1.4011930532329855
VSH,-0.45354820478441044,-0.28233575602774996,-0.10261975939955824,,-0.02367229752967887,0.44309544920224503,-0.7689215833293078,0.08703638720122794,0.16578529116230656,-1.5773537682574774,-0.5981020022680364,-0.6371550333317367,-0.6400082708944476,0.2783593174364309,0.7206586090845387
